"country","city","total_rentals","total_revenue","number_of_unique_customers","most_popular_film_category"
"Runion","Saint-Denis",46,211.55,1,"Sci-Fi"
"United States","Cape Coral",45,208.58,1,"Animation"
"Brazil","Santa Brbara dOeste",39,194.61,1,"Drama"
"Netherlands","Apeldoorn",39,191.62,1,"Games"
"Belarus","Molodetno",42,189.60,1,"Drama"
"Iran","Qomsheh",38,183.63,1,"Family"
"United Kingdom","London",48,174.54,2,"Drama"
"United States","Memphis",34,167.67,1,"Family"
"Canada","Richmond Hill",38,167.62,1,"Family"
"Philippines","Tanza",42,166.61,1,"Foreign"
"India","Valparai",35,162.67,1,"Sci-Fi"
"Philippines","Santa Rosa",33,161.68,1,"Games"
"United States","Aurora",50,159.58,2,"Children"
"Spain","Ourense (Orense)",40,158.65,1,"Games"
"Yemen","Hodeida",32,157.69,1,"Action"
"Philippines","Tanauan",35,156.66,1,"Animation"
"India","Bijapur",39,154.66,1,"Animation"
"India","Halisahar",32,152.71,1,"Sports"
"Russian Federation","Usolje-Sibirskoje",33,152.69,1,"Horror"
"Indonesia","Probolinggo",34,152.68,1,"Action"
"Ukraine","Sumy",28,151.73,1,"Classics"
"China","Zhoushan",32,151.69,1,"Family"
"Algeria","Skikda",37,151.68,1,"Comedy"
"Vietnam","Cam Ranh",32,149.69,1,"Drama"
"Taiwan","Changhwa",41,149.61,1,"Family"
"India","Bhilwara",32,147.71,1,"Action"
"Holy See (Vatican City State)","Citt del Vaticano",34,146.68,1,"Documentary"
"Thailand","Songkhla",33,146.68,1,"Drama"
"Bangladesh","Tangail",35,146.68,1,"Sci-Fi"
"China","Fuyu",34,146.67,1,"Music"
"Russian Federation","Maikop",32,145.70,1,"Family"
"Turkey","Balikesir",37,145.64,1,"Sports"
"Sudan","Omdurman",35,144.70,1,"Foreign"
"Puerto Rico","Arecibo",34,144.68,1,"New"
"Taiwan","Hsichuh",36,144.66,1,"Animation"
"Nauru","Yangor",31,143.70,1,"Horror"
"Mexico","Uruapan",33,143.68,1,"Sports"
"Latvia","Daugavpils",30,142.70,1,"Sports"
"Thailand","Nakhon Sawan",33,142.69,1,"Animation"
"China","Lengshuijiang",36,142.67,1,"New"
"Mozambique","Beira",37,142.66,1,"Documentary"
"Brazil","Vila Velha",29,141.71,1,"New"
"India","Rae Bareli",31,141.69,1,"Sports"
"Brazil","Belm",32,140.69,1,"Sports"
"Kenya","Nyeri",29,139.72,1,"Action"
"Egypt","Shubra al-Khayma",34,139.69,1,"Sci-Fi"
"Iran","Najafabad",35,139.69,1,"Comedy"
"Sweden","Malm",34,139.67,1,"Classics"
"South Korea","Naju",33,138.69,1,"Classics"
"Japan","Shimonoseki",36,138.65,1,"Children"
"Colombia","Sincelejo",30,137.72,1,"Action"
"Nigeria","Ife",30,137.70,1,"New"
"Italy","Bergamo",36,137.67,1,"Family"
"Poland","Wroclaw",28,135.72,1,"Comedy"
"Ecuador","Robamba",31,135.70,1,"Sports"
"Taiwan","Fengshan",34,135.68,1,"New"
"Brazil","Juiz de Fora",27,134.73,1,"Sports"
"Mexico","Cuauhtmoc",29,134.72,1,"Children"
"United States","Akron",31,134.71,1,"Horror"
"Yemen","Aden",31,134.70,1,"New"
"Colombia","Dos Quebradas",32,134.70,1,"Action"
"Turkey","Usak",35,134.69,1,"Horror"
"India","Bhopal",32,134.68,1,"Foreign"
"Taiwan","Nantou",38,134.65,1,"Classics"
"Philippines","Imus",29,133.72,1,"Foreign"
"Japan","Omiya",30,133.71,1,"Foreign"
"Turkey","Batman",33,133.70,1,"Action"
"China","Changzhou",40,133.68,1,"Comedy"
"Czech Republic","Olomouc",29,132.72,1,"New"
"China","Binzhou",33,132.70,1,"Sports"
"Poland","Tychy",36,132.65,1,"Foreign"
"Vietnam","Nam Dinh",30,131.74,1,"Music"
"Turkey","Osmaniye",27,131.73,1,"Classics"
"South Africa","Boksburg",32,131.69,1,"Documentary"
"Russian Federation","Moscow",34,131.69,1,"Animation"
"Greece","Athenai",26,130.76,1,"Action"
"Mexico","Salamanca",35,130.72,1,"Sci-Fi"
"Yugoslavia","Kragujevac",33,130.72,1,"Animation"
"India","Siliguri (Shiliguri)",34,130.70,1,"Documentary"
"Turkey","Tokat",34,130.68,1,"Animation"
"Brazil","Boa Vista",32,130.68,1,"Classics"
"United States","Lancaster",30,129.72,1,"Classics"
"Argentina","Avellaneda",30,129.71,1,"Action"
"Israel","Ashdod",33,129.70,1,"Sci-Fi"
"China","Jinchang",34,129.68,1,"Foreign"
"China","Yinchuan",30,128.73,1,"Drama"
"Nigeria","Ilorin",31,128.71,1,"Animation"
"China","Qinhuangdao",32,128.71,1,"New"
"Mexico","Atlixco",33,128.70,1,"Animation"
"Germany","Mannheim",35,128.69,1,"Animation"
"Italy","Syrakusa",28,127.73,1,"Drama"
"Germany","Erlangen",29,127.73,1,"Travel"
"Japan","Fukuyama",32,127.69,1,"Children"
"Vietnam","Nha Trang",32,127.69,1,"Drama"
"Moldova","Chisinau",34,127.66,1,"Children"
"Turkmenistan","Ashgabat",27,126.74,1,"Games"
"United States","Sterling Heights",29,126.73,1,"Music"
"Brazil","Blumenau",27,126.73,1,"New"
"Canada","Vancouver",30,126.73,1,"Animation"
"Mexico","Huixquilucan",30,126.72,1,"Sci-Fi"
"Germany","Duisburg",33,126.70,1,"Foreign"
"India","Purnea (Purnia)",27,125.74,1,"Horror"
"Mexico","Coatzacoalcos",29,125.74,1,"Foreign"
"Russian Federation","Kolpino",38,125.72,1,"Foreign"
"Japan","Urawa",34,125.68,1,"Action"
"Brazil","Santo Andr",36,125.67,1,"Documentary"
"Chile","Antofagasta",27,124.74,1,"Action"
"Argentina","La Plata",32,124.71,1,"Documentary"
"Nigeria","Ikerre",37,124.68,1,"Documentary"
"China","Liaocheng",34,124.66,1,"Children"
"United States","San Bernardino",27,123.74,1,"Sports"
"India","Parbhani",31,123.74,1,"Documentary"
"Indonesia","Pontianak",35,123.72,1,"Action"
"Philippines","Cabuyao",35,123.71,1,"Sports"
"Philippines","Davao",31,123.70,1,"Foreign"
"United States","Fontana",33,123.70,1,"Action"
"Taiwan","Lungtan",34,123.66,1,"Drama"
"Philippines","Ozamis",27,122.74,1,"Animation"
"Brazil","Goinia",28,122.74,1,"Drama"
"Chad","NDjamna",32,122.72,1,"Sci-Fi"
"Japan","Kakamigahara",29,122.71,1,"Sports"
"Philippines","Lapu-Lapu",32,122.70,1,"Comedy"
"Indonesia","Lhokseumawe",34,122.69,1,"Foreign"
"India","Vijayawada",25,121.77,1,"Action"
"Malawi","Lilongwe",28,121.73,1,"Classics"
"United Kingdom","York",28,121.73,1,"Family"
"Zambia","Kitwe",33,121.70,1,"Animation"
"Mexico","El Fuerte",33,121.70,1,"Sci-Fi"
"Virgin Islands, U.S.","Charlotte Amalie",32,121.69,1,"Animation"
"Egypt","Mit Ghamr",27,120.75,1,"Sports"
"Egypt","Sawhaj",26,120.74,1,"Drama"
"Russian Federation","Kirovo-Tepetsk",29,120.74,1,"Family"
"Italy","Brindisi",30,120.71,1,"Classics"
"Peru","Lima",32,120.70,1,"Sports"
"India","Mysore",27,119.76,1,"New"
"China","Emeishan",26,119.75,1,"Classics"
"Russian Federation","Pjatigorsk",26,119.74,1,"Documentary"
"Greenland","Nuuk",34,119.72,1,"New"
"Malaysia","Sungai Petani",32,119.72,1,"Sci-Fi"
"Ukraine","Simferopol",26,118.76,1,"Animation"
"Armenia","Yerevan",25,118.75,1,"Animation"
"Ecuador","Loja",28,118.75,1,"Comedy"
"Peru","Hunuco",29,118.73,1,"Travel"
"Poland","Jastrzebie-Zdrj",32,118.70,1,"Animation"
"France","Toulouse",32,118.70,1,"Action"
"Romania","Botosani",33,118.69,1,"Sci-Fi"
"United Kingdom","Southampton",23,117.77,1,"Games"
"Japan","Otsu",26,117.77,1,"Sci-Fi"
"Argentina","Quilmes",24,117.76,1,"Sports"
"United States","Joliet",28,117.75,1,"Drama"
"India","Pudukkottai",27,117.75,1,"Sci-Fi"
"Kazakstan","Zhezqazghan",29,117.72,1,"Horror"
"Saudi Arabia","Jedda",28,116.76,1,"Family"
"United States","Brockton",26,116.75,1,"Sports"
"Japan","Miyakonojo",29,116.74,1,"Animation"
"India","Karnal",35,116.73,1,"New"
"Philippines","Mandaluyong",29,116.73,1,"Sci-Fi"
"Philippines","Baybay",30,116.72,1,"Music"
"India","Satna",30,116.71,1,"Foreign"
"French Polynesia","Papeete",30,115.74,1,"Classics"
"India","Bhimavaram",29,115.72,1,"Sci-Fi"
"Russian Federation","Korolev",31,115.71,1,"Foreign"
"United States","Greensboro",32,115.70,1,"Animation"
"Iran","Tabriz",31,114.76,1,"Sci-Fi"
"Japan","Iwakuni",29,114.74,1,"Animation"
"Gambia","Banjul",30,114.73,1,"Comedy"
"Ecuador","Portoviejo",28,114.73,1,"Family"
"Philippines","Cavite",30,114.72,1,"Animation"
"Argentina","Merlo",30,114.72,1,"Sci-Fi"
"Japan","Sasebo",32,114.70,1,"Classics"
"Mozambique","Naala-Porto",25,113.77,1,"Foreign"
"Italy","Brescia",31,113.75,1,"Children"
"Austria","Salzburg",28,113.74,1,"Drama"
"China","Tiefa",29,113.74,1,"Animation"
"Taiwan","Touliu",27,113.73,1,"Games"
"China","Leshan",32,113.73,1,"Sports"
"Pakistan","Dadu",31,113.72,1,"Classics"
"Brazil","Sorocaba",33,113.71,1,"Sports"
"China","Datong",31,113.70,1,"Music"
"Mexico","Huejutla de Reyes",25,112.76,1,"Sci-Fi"
"Bulgaria","Ruse",24,112.76,1,"Documentary"
"United States","Lincoln",25,112.75,1,"New"
"India","Jhansi",29,112.74,1,"Family"
"Ukraine","Mukateve",30,112.73,1,"Action"
"China","Shaoguan",29,112.72,1,"Travel"
"Venezuela","Maracabo",23,111.77,1,"New"
"India","Ambattur",26,111.76,1,"Games"
"Japan","Onomichi",29,111.76,1,"Sci-Fi"
"Taiwan","Tanshui",27,111.74,1,"Action"
"Iraq","Mosul",27,111.73,1,"Sports"
"Venezuela","Cuman",29,111.73,1,"Documentary"
"Austria","Graz",29,111.73,1,"Documentary"
"India","Haldia",31,111.71,1,"Foreign"
"Hungary","Szkesfehrvr",29,111.71,1,"Sci-Fi"
"Thailand","Pak Kret",30,111.71,1,"Sci-Fi"
"Japan","Kuwana",25,110.77,1,"Sports"
"Dominican Republic","Santiago de los Caballeros",24,110.76,1,"Drama"
"China","Baiyin",26,110.76,1,"Action"
"Chile","Coquimbo",28,110.74,1,"Classics"
"Yemen","Taizz",28,110.73,1,"Family"
"China","Yuncheng",30,110.73,1,"Sci-Fi"
"China","Meixian",28,110.72,1,"Music"
"Egypt","Bilbays",28,110.72,1,"Family"
"China","Jinzhou",30,110.71,1,"Documentary"
"China","Xiangfan",34,110.68,1,"New"
"India","Udaipur",26,109.77,1,"Sci-Fi"
"South Korea","Tonghae",25,109.77,1,"Music"
"Mexico","Cuernavaca",29,109.76,1,"Music"
"Tanzania","Zanzibar",27,109.75,1,"New"
"Russian Federation","Kurgan",28,109.73,1,"Classics"
"Russian Federation","Nabereznyje Telny",29,109.73,1,"Comedy"
"China","Baicheng",29,109.73,1,"Sports"
"Ukraine","Kamjanets-Podilskyi",29,109.72,1,"Children"
"Tanzania","Mwanza",29,109.72,1,"Games"
"India","Uluberia",31,109.72,1,"Foreign"
"China","Shanwei",30,109.71,1,"Drama"
"Nigeria","Benin City",28,108.78,1,"Foreign"
"China","Jining",27,108.77,1,"Sports"
"Nigeria","Ogbomosho",32,108.76,1,"Sports"
"Bahrain","al-Manama",25,108.76,1,"Sports"
"Turkey","Sivas",26,108.75,1,"Family"
"Azerbaijan","Sumqayit",30,108.75,1,"Foreign"
"Japan","Akishima",28,108.73,1,"Children"
"Indonesia","Ciomas",34,108.72,1,"Animation"
"India","Chandrapur",32,108.71,1,"Music"
"Spain","Donostia-San Sebastin",31,107.79,1,"Sports"
"Poland","Plock",24,107.78,1,"Sports"
"Brazil","Guaruj",24,107.77,1,"Documentary"
"United Kingdom","Southend-on-Sea",28,107.76,1,"Sports"
"Bangladesh","Dhaka",28,107.74,1,"Drama"
"South Africa","Soshanguve",28,107.73,1,"Animation"
"China","Weifang",29,107.73,1,"Classics"
"Algeria","Batna",28,107.73,1,"New"
"North Korea","Pyongyang",31,107.71,1,"Documentary"
"Dominican Republic","San Felipe de Puerto Plata",30,107.70,1,"Foreign"
"Brazil","Poos de Caldas",32,107.70,1,"Sci-Fi"
"Brunei","Bandar Seri Begawan",35,107.66,1,"Sports"
"United Kingdom","Stockport",22,106.79,1,"Sports"
"Mexico","Mexicali",25,106.77,1,"Family"
"Japan","Iwaki",26,106.77,1,"New"
"Switzerland","Bern",25,106.76,1,"Documentary"
"Kuwait","Jalib al-Shuyukh",26,106.75,1,"Foreign"
"South Africa","Johannesburg",27,106.74,1,"Music"
"Indonesia","Pemalang",27,106.74,1,"Family"
"United States","Rockford",28,106.73,1,"Drama"
"Russian Federation","Ljubertsy",27,106.73,1,"Documentary"
"Latvia","Liepaja",30,106.73,1,"Sci-Fi"
"Spain","A Corua (La Corua)",29,106.72,1,"Documentary"
"China","Hohhot",34,106.68,1,"Sports"
"Colombia","Sogamoso",24,105.78,1,"Animation"
"Russian Federation","Smolensk",24,105.78,1,"Travel"
"Argentina","Santa F",27,105.78,1,"Drama"
"Kenya","Kisumu",25,105.77,1,"Games"
"United States","Dayton",26,105.77,1,"Action"
"United States","Dallas",28,105.76,1,"Comedy"
"Malaysia","Kuching",27,105.76,1,"Action"
"Japan","Iwatsuki",27,105.74,1,"Documentary"
"Morocco","Nador",27,105.74,1,"Documentary"
"United States","Augusta-Richmond County",27,105.73,1,"Documentary"
"Estonia","Tartu",30,105.72,1,"Family"
"India","Munger (Monghyr)",32,105.70,1,"Drama"
"Paraguay","San Lorenzo",23,104.79,1,"Horror"
"Turkey","Sultanbeyli",23,104.78,1,"Horror"
"Hong Kong","Kowloon and New Kowloon",30,104.76,1,"Sports"
"India","Etawah",26,104.75,1,"Action"
"Malaysia","Ipoh",26,104.75,1,"Children"
"India","Kamarhati",26,104.74,1,"Foreign"
"South Africa","Rustenburg",27,104.74,1,"New"
"Pakistan","Shikarpur",29,104.73,1,"Action"
"Russian Federation","Atinsk",29,104.72,1,"Travel"
"China","Tongliao",32,104.71,1,"Animation"
"Netherlands","Ede",23,103.78,1,"New"
"Nigeria","Owo",27,103.77,1,"New"
"India","Patiala",30,103.77,1,"Sports"
"South Korea","Uijongbu",32,103.74,1,"Children"
"India","Bhusawal",26,103.74,1,"Animation"
"United States","Sunnyvale",31,103.74,1,"Sports"
"Sri Lanka","Jaffna",30,103.73,1,"Children"
"Pakistan","Mardan",30,103.73,1,"New"
"United Arab Emirates","Sharja",27,102.78,1,"Travel"
"Yugoslavia","Novi Sad",24,102.77,1,"Sci-Fi"
"Russian Federation","Kamyin",26,102.77,1,"Children"
"United Arab Emirates","al-Ayn",25,102.76,1,"Sports"
"Mexico","Celaya",26,102.76,1,"Documentary"
"Tanzania","Tabora",27,102.75,1,"Family"
"Brazil","Po",28,102.75,1,"Action"
"Russian Federation","Lipetsk",26,101.79,1,"Animation"
"China","Dongying",23,101.78,1,"Games"
"Russian Federation","Jelets",24,101.77,1,"Animation"
"United States","Garden Grove",26,101.76,1,"Horror"
"United States","Compton",30,101.72,1,"Games"
"Argentina","Tandil",32,101.70,1,"Documentary"
"Mexico","Acua",26,100.77,1,"Drama"
"Poland","Czestochowa",25,100.76,1,"Sports"
"Taiwan","Chungho",25,100.76,1,"Drama"
"Argentina","Vicente Lpez",26,100.75,1,"Sci-Fi"
"Germany","Halle/Saale",31,100.75,1,"Sci-Fi"
"India","Pune",30,100.72,1,"Children"
"Japan","Isesaki",23,99.78,1,"New"
"Japan","Sagamihara",24,99.77,1,"Games"
"Liechtenstein","Vaduz",28,99.74,1,"Action"
"India","Ahmadnagar",33,99.74,1,"Sci-Fi"
"Romania","Bucuresti",29,99.73,1,"Horror"
"Japan","Ueda",32,99.72,1,"Sci-Fi"
"United Arab Emirates","Abu Dhabi",32,99.71,1,"Drama"
"Anguilla","South Hill",35,99.68,1,"Travel"
"South Africa","Kimberley",24,98.82,1,"Sports"
"Bangladesh","Jamalpur",32,98.77,1,"Music"
"India","Allappuzha (Alleppey)",24,98.76,1,"New"
"Japan","Higashiosaka",25,98.75,1,"Sci-Fi"
"Mexico","San Juan Bautista Tuxtepec",26,98.75,1,"Travel"
"Brazil","Vitria de Santo Anto",28,98.75,1,"Travel"
"Philippines","Iligan",27,98.74,1,"Foreign"
"India","Adoni",22,97.80,1,"Foreign"
"French Guiana","Cayenne",22,97.80,1,"Animation"
"Colombia","Florencia",25,97.79,1,"Animation"
"Ukraine","ostka",24,97.78,1,"Games"
"Nigeria","Deba Habe",23,97.78,1,"Games"
"India","Firozabad",23,97.78,1,"Horror"
"Nigeria","Sokoto",25,97.78,1,"Foreign"
"India","Varanasi (Benares)",24,97.77,1,"New"
"Mexico","Jos Azueta",27,97.75,1,"Foreign"
"Myanmar","Monywa",30,97.75,1,"Comedy"
"United States","Salinas",30,96.79,1,"Documentary"
"India","Palghat (Palakkad)",29,96.79,1,"Children"
"India","Bhavnagar",23,96.79,1,"Comedy"
"Cameroon","Bamenda",23,96.78,1,"Foreign"
"South Africa","Springs",25,96.78,1,"Sci-Fi"
"United States","Citrus Heights",28,96.77,1,"Games"
"Mexico","Allende",25,96.77,1,"Travel"
"Nigeria","Effon-Alaiye",27,96.76,1,"Drama"
"Faroe Islands","Trshavn",28,96.76,1,"Animation"
"Argentina","Escobar",26,96.76,1,"Animation"
"Indonesia","Madiun",28,96.75,1,"New"
"China","Laohekou",26,96.75,1,"Sci-Fi"
"Brazil","Rio Claro",27,96.74,1,"Travel"
"India","Rajkot",22,95.80,1,"Sports"
"Russian Federation","Ivanovo",23,95.79,1,"Horror"
"Mexico","Carmen",22,95.79,1,"Family"
"Italy","Livorno",24,95.78,1,"Animation"
"Mexico","La Paz",22,95.78,1,"Drama"
"Colombia","Pereira",23,95.78,1,"Documentary"
"China","Yuzhou",25,95.78,1,"Music"
"Senegal","Ziguinchor",25,95.76,1,"Sci-Fi"
"China","Xinxiang",30,95.76,1,"Sports"
"Vietnam","Haiphong",25,95.76,1,"New"
"South Africa","Botshabelo",28,95.72,1,"Animation"
"Morocco","Sal",22,94.81,1,"Foreign"
"Mexico","Hidalgo",25,94.78,1,"Sports"
"India","Shivapuri",22,94.78,1,"Family"
"United States","Warren",28,94.77,1,"Documentary"
"Iran","Esfahan",25,94.76,1,"Documentary"
"Indonesia","Jakarta",24,94.76,1,"Games"
"Israel","Tel Aviv-Jaffa",30,94.76,1,"New"
"Venezuela","Caracas",26,94.75,1,"Action"
"Nepal","Birgunj",22,93.83,1,"Sci-Fi"
"Angola","Benguela",25,93.80,1,"Horror"
"South Africa","Newcastle",23,93.80,1,"Games"
"Mexico","San Felipe del Progreso",30,93.79,1,"Games"
"Brazil","So Leopoldo",22,93.79,1,"Animation"
"India","Rampur",30,93.78,1,"Animation"
"Tuvalu","Funafuti",26,93.78,1,"Children"
"Japan","Tama",26,93.76,1,"Sci-Fi"
"Brazil","Anpolis",25,93.75,1,"Sports"
"Angola","Namibe",27,93.75,1,"Animation"
"Iran","Kermanshah",26,93.74,1,"New"
"India","Yamuna Nagar",28,93.74,1,"Drama"
"Brazil","Juazeiro do Norte",22,92.81,1,"Comedy"
"Brazil","So Bernardo do Campo",22,92.80,1,"Sports"
"Brazil","Angra dos Reis",30,92.80,1,"New"
"Japan","Okinawa",23,92.79,1,"Music"
"Madagascar","Mahajanga",22,92.79,1,"Horror"
"China","Suihua",24,92.78,1,"Action"
"Bolivia","Sucre",23,92.78,1,"Animation"
"Cambodia","Battambang",26,92.76,1,"Sci-Fi"
"Netherlands","Emmen",26,92.75,1,"Family"
"Philippines","Bayugan",25,92.75,1,"Drama"
"United States","Peoria",30,92.75,1,"Family"
"Japan","Okayama",21,91.81,1,"Games"
"Philippines","Talavera",21,91.81,1,"Animation"
"United States","Bellevue",20,91.80,1,"Children"
"China","Nanyang",23,91.79,1,"Comedy"
"Saudi Arabia","al-Qatif",25,91.78,1,"Animation"
"Germany","Witten",25,91.78,1,"Sports"
"Ethiopia","Addis Abeba",23,91.77,1,"Animation"
"Mexico","Cuautla",31,91.75,1,"Action"
"Mexico","Monclova",26,91.75,1,"Sports"
"China","Daxian",33,91.70,1,"Documentary"
"Philippines","Tuguegarao",26,90.78,1,"Foreign"
"Brazil","Aparecida de Goinia",23,90.78,1,"Travel"
"China","Sanya",25,90.77,1,"Animation"
"South Korea","Kimchon",24,90.77,1,"Sports"
"Iran","Arak",27,90.75,1,"Music"
"Philippines","Gingoog",28,90.73,1,"Sci-Fi"
"China","Haining",21,89.80,1,"Classics"
"French Polynesia","Faaa",24,89.78,1,"New"
"Taiwan","Chiayi",24,89.78,1,"Foreign"
"Mexico","Guadalajara",23,89.78,1,"Action"
"Azerbaijan","Baku",27,89.78,1,"Games"
"Nigeria","Ondo",25,89.77,1,"Horror"
"Algeria","Bchar",25,89.77,1,"Sci-Fi"
"Colombia","Buenaventura",25,89.77,1,"Animation"
"Egypt","Idfu",23,89.77,1,"Family"
"Turkey","Eskisehir",25,89.77,1,"Horror"
"Japan","Kurashiki",24,89.76,1,"Horror"
"Canada","Halifax",25,89.76,1,"Sci-Fi"
"Cameroon","Yaound",31,89.71,1,"Foreign"
"China","Tianjin",23,88.81,1,"Games"
"Mexico","Coacalco de Berriozbal",22,88.81,1,"Sports"
"Congo, The Democratic Republic of the","Mwene-Ditu",24,88.80,1,"Travel"
"Italy","Alessandria",21,88.80,1,"Sports"
"Netherlands","Amersfoort",23,88.78,1,"Sports"
"India","Jaipur",25,88.78,1,"Action"
"India","Uttarpara-Kotrung",26,88.77,1,"Music"
"Japan","Nagareyama",30,88.76,1,"Classics"
"Mexico","Torren",27,88.75,1,"Drama"
"Philippines","Taguig",30,88.73,1,"Horror"
"Russian Federation","Elista",21,87.82,1,"Foreign"
"Indonesia","Gorontalo",20,87.81,1,"Children"
"Canada","Gatineau",22,87.80,1,"Family"
"Vietnam","Vinh",22,87.80,1,"Classics"
"Japan","Kanazawa",23,87.80,1,"Classics"
"United States","Arlington",25,87.80,1,"Foreign"
"Paraguay","Asuncin",21,87.79,1,"Sci-Fi"
"Canada","Oshawa",22,87.79,1,"Family"
"Brazil","guas Lindas de Gois",24,87.78,1,"Sci-Fi"
"Russian Federation","Zeleznogorsk",24,87.77,1,"Games"
"Peru","Sullana",25,87.77,1,"Foreign"
"India","Chapra",20,86.82,1,"Animation"
"Israel","Ashqelon",19,86.81,1,"Action"
"Poland","Lublin",21,86.81,1,"New"
"Germany","Siegen",19,86.81,1,"Drama"
"India","Shimoga",21,86.81,1,"Children"
"China","Xiangtan",22,86.80,1,"Action"
"China","Pingxiang",22,86.80,1,"Foreign"
"India","Sambhal",23,86.79,1,"Sci-Fi"
"Saudi Arabia","Abha",24,86.77,1,"Sci-Fi"
"Nigeria","Zaria",25,86.77,1,"Sci-Fi"
"India","Katihar",25,86.76,1,"Classics"
"United States","Garland",27,86.75,1,"Animation"
"Cambodia","Phnom Penh",27,86.75,1,"Foreign"
"India","Balurghat",26,86.75,1,"Documentary"
"Mexico","Nezahualcyotl",30,86.73,1,"Classics"
"Dominican Republic","La Romana",23,85.80,1,"Foreign"
"Russian Federation","Serpuhov",20,85.80,1,"Travel"
"Bolivia","El Alto",24,85.78,1,"Documentary"
"Argentina","Almirante Brown",25,85.78,1,"Documentary"
"United States","Manchester",24,85.78,1,"Documentary"
"New Zealand","Hamilton",24,85.77,1,"Drama"
"Argentina","Crdoba",25,85.77,1,"Family"
"Brazil","Araatuba",28,85.77,1,"Family"
"Indonesia","Surakarta",26,85.75,1,"Drama"
"Indonesia","Pangkal Pinang",18,84.84,1,"Horror"
"Ukraine","Konotop",21,84.81,1,"Family"
"Russian Federation","Balaiha",22,84.81,1,"Games"
"Venezuela","Valencia",22,84.80,1,"Sports"
"South Korea","Cheju",21,84.80,1,"Music"
"Japan","Hiroshima",30,84.79,1,"Drama"
"United States","Laredo",28,84.75,1,"Drama"
"United States","Clarksville",18,83.82,1,"Sci-Fi"
"Turkey","Gaziantep",22,83.81,1,"Classics"
"Turkey","Kilis",22,83.80,1,"Sci-Fi"
"India","Dhule (Dhulia)",22,83.79,1,"Drama"
"Switzerland","Lausanne",22,83.78,1,"Comedy"
"Vietnam","Hanoi",31,83.77,1,"New"
"China","Rizhao",21,82.81,1,"Sports"
"China","Xintai",24,82.78,1,"Classics"
"Oman","Salala",27,82.76,1,"New"
"Turkey","Denizli",18,81.83,1,"Comedy"
"Indonesia","Purwakarta",19,81.83,1,"Animation"
"Venezuela","Ocumare del Tuy",21,81.81,1,"Travel"
"United States","Kansas City",25,81.81,1,"New"
"Argentina","Baha Blanca",28,81.81,1,"Action"
"Saudi Arabia","Tabuk",26,81.80,1,"Action"
"China","Hami",21,81.80,1,"Classics"
"Myanmar","Myingyan",22,81.78,1,"Horror"
"India","Amroha",24,81.78,1,"Family"
"Belarus","Mogiljov",24,81.76,1,"Action"
"Bulgaria","Stara Zagora",26,81.76,1,"Foreign"
"China","Laiwu",27,81.75,1,"Action"
"Russian Federation","Kursk",23,80.85,1,"Drama"
"Iran","Sirjan",20,80.83,1,"Horror"
"Paraguay","Ciudad del Este",18,80.82,1,"Horror"
"India","Miraj",29,80.81,1,"Sci-Fi"
"Netherlands","s-Hertogenbosch",23,80.80,1,"Animation"
"Venezuela","Valle de la Pascua",28,80.78,1,"Horror"
"India","Tambaram",29,80.78,1,"Documentary"
"Slovakia","Bratislava",26,80.77,1,"Drama"
"China","Yingkou",23,80.77,1,"Family"
"South Africa","Klerksdorp",26,79.81,1,"Classics"
"Peru","Callao",26,79.81,1,"Sci-Fi"
"Puerto Rico","Ponce",27,79.80,1,"Foreign"
"Iran","Shahr-e Kord",23,79.80,1,"Action"
"Congo, The Democratic Republic of the","Lubumbashi",26,79.78,1,"Games"
"Japan","Izumisano",30,79.75,1,"Sci-Fi"
"Japan","Tsuyama",21,78.84,1,"Foreign"
"China","Tieli",19,78.82,1,"Comedy"
"Nigeria","Kaduna",22,78.81,1,"Classics"
"South Africa","Paarl",28,78.80,1,"Sports"
"Oman","Masqat",23,78.80,1,"Foreign"
"Finland","Oulu",26,78.79,1,"Action"
"United States","Saint Louis",23,78.79,1,"Games"
"Germany","Saarbrcken",24,78.78,1,"Documentary"
"China","Junan",25,78.77,1,"Travel"
"Pakistan","Mandi Bahauddin",17,77.84,1,"Sports"
"France","Brest",20,77.81,1,"Drama"
"Egypt","Qalyub",23,77.81,1,"Horror"
"Spain","Gijn",22,77.80,1,"Action"
"China","Huaian",25,77.79,1,"Foreign"
"France","Toulon",24,77.78,1,"Foreign"
"Argentina","San Miguel de Tucumn",24,77.77,1,"Documentary"
"Brazil","Maring",23,76.82,1,"Sci-Fi"
"United States","Grand Prairie",21,76.80,1,"Games"
"China","Zalantun",23,76.80,1,"Classics"
"India","Jodhpur",22,76.78,1,"Foreign"
"Saudi Arabia","al-Hawiya",18,75.83,1,"Sports"
"Poland","Kalisz",25,75.81,1,"Children"
"India","Ranchi",21,75.80,1,"Comedy"
"Brazil","Alvorada",26,75.79,1,"Sci-Fi"
"Argentina","Ezeiza",23,75.78,1,"Foreign"
"Brazil","Luzinia",23,75.78,1,"Sci-Fi"
"Japan","Hino",18,74.84,1,"Animation"
"South Africa","Chatsworth",17,74.83,1,"Games"
"India","Hoshiarpur",21,74.83,1,"Action"
"Turkey","Adana",26,74.81,1,"Documentary"
"United States","El Monte",21,74.80,1,"Action"
"Kazakstan","Pavlodar",23,74.79,1,"Drama"
"United Kingdom","Dundee",26,74.77,1,"Documentary"
"Brazil","Bag",16,73.85,1,"Children"
"United States","Roanoke",23,73.83,1,"Family"
"Pakistan","Okara",21,73.82,1,"Travel"
"Japan","Kamakura",22,73.81,1,"Sci-Fi"
"India","Nagaon",21,73.81,1,"Comedy"
"Russian Federation","Syktyvkar",20,73.81,1,"Music"
"Morocco","Beni-Mellal",22,73.80,1,"Foreign"
"Tunisia","Sousse",23,73.78,1,"Sci-Fi"
"Greece","Patras",28,73.78,1,"Sports"
"Indonesia","Cianjur",26,73.76,1,"Animation"
"India","Pathankot",18,72.83,1,"Action"
"United Kingdom","Southport",21,72.82,1,"Games"
"Brazil","Braslia",22,72.82,1,"New"
"United Kingdom","Bradford",23,72.79,1,"Travel"
"Russian Federation","Kaliningrad",21,71.85,1,"Sci-Fi"
"Russian Federation","Jaroslavl",21,71.84,1,"Children"
"Philippines","Bislig",21,71.81,1,"Family"
"Russian Federation","Dzerzinsk",22,71.80,1,"Travel"
"Turkey","Inegl",26,71.79,1,"Comedy"
"Mexico","Matamoros",23,71.77,1,"Sports"
"China","Shenzhen",19,70.82,1,"Comedy"
"Philippines","Hagonoy",18,70.82,1,"Animation"
"India","Gulbarga",19,70.81,1,"Animation"
"Yemen","Sanaa",26,70.81,1,"Action"
"India","Gandhinagar",19,69.83,1,"Sports"
"Mexico","Jurez",25,69.79,1,"Family"
"China","Zaoyang",22,69.79,1,"Drama"
"Brazil","Ibirit",20,68.87,1,"Comedy"
"Mexico","Zapopan",17,68.84,1,"Games"
"Italy","Udine",19,68.82,1,"Games"
"Japan","Matsue",20,68.81,1,"Action"
"China","Korla",28,68.77,1,"Drama"
"Russian Federation","Niznekamsk",17,67.86,1,"Music"
"Israel","Bat Yam",17,67.86,1,"New"
"Chile","Rancagua",16,67.86,1,"Foreign"
"Afghanistan","Kabul",18,67.82,1,"Comedy"
"Russian Federation","Novoterkassk",20,66.82,1,"Documentary"
"Indonesia","Tegal",19,66.81,1,"Foreign"
"Venezuela","Barcelona",21,66.79,1,"Documentary"
"China","Yantai",20,65.87,1,"Documentary"
"Indonesia","Ciparay",23,65.83,1,"Games"
"Mexico","Pachuca de Soto",18,65.83,1,"Animation"
"India","Berhampore (Baharampur)",21,65.81,1,"Children"
"Turkey","Tarsus",16,64.85,1,"Drama"
"Tonga","Nukualofa",18,64.84,1,"Sports"
"Saint Vincent and the Grenadines","Kingstown",25,64.82,1,"Horror"
"China","Ezhou",23,63.84,1,"New"
"Philippines","Tarlac",19,63.84,1,"Children"
"Russian Federation","Teboksary",23,63.79,1,"Music"
"Lithuania","Vilnius",24,63.78,1,"Children"
"India","Kanchrapara",16,62.85,1,"Travel"
"Spain","Santiago de Compostela",20,62.84,1,"Games"
"Japan","Koriyama",21,61.82,1,"Documentary"
"India","Hubli-Dharwad",15,59.86,1,"Action"
"France","Le Mans",20,59.83,1,"Sports"
"Austria","Linz",21,58.83,1,"Classics"
"Mozambique","Tete",18,58.82,1,"New"
"Switzerland","Basel",14,57.87,1,"Sports"
"Turkey","Ktahya",18,57.86,1,"Documentary"
"Sudan","al-Qadarif",19,57.81,1,"Music"
"India","Kumbakonam",18,56.84,1,"Sports"
"Nigeria","Oyo",20,54.85,1,"Sci-Fi"
"Mexico","Valle de Santiago",24,52.81,1,"Sports"
"Taiwan","Tsaotun",19,50.83,1,"Drama"
"China","Enshi",14,49.88,1,"Drama"
"American Samoa","Tafuna",20,47.85,1,"Sports"
"United States","Tallahassee",15,37.87,1,"Sci-Fi"
"China","Fuzhou",14,32.90,1,"Family"
"Poland","Bydgoszcz",12,27.93,1,"Action"
